rank,keyword,channel,horizon,trend_score,predicted_delta,velocity_z,breakout,evidence,suggested_action
1,how to get adcb bank statement,aeo,quarter,100.0,4.772,3.174,True,2026-08-08: question suggestion for 'how to adcb bank' [AE/en] | 2026-08-09: question suggestion for 'how to adcb bank' [AE/en] | 2026-08-10: question suggestion for 'how to adcb bank' [AE/en],BREAKOUT detected — act now while competition is low. Add a concise 40–60 word direct answer; mark up with FAQPage/HowTo schema; target voice/featured snippets. Create/refresh a dedicated page targeting this query; interlink from related pages.
2,should i get another credit card,aeo,quarter,92.7,3.415,1.671,True,2026-08-11: r/CreditCards: https://reddit.com/r/CreditCards/comments/1vl2dpf/should_i_get_another_credit_card/,BREAKOUT detected — act now while competition is low. Add a concise 40–60 word direct answer; mark up with FAQPage/HowTo schema; target voice/featured snippets. Create/refresh a dedicated page targeting this query; interlink from related pages.
3,how to close credit card uae,aeo,quarter,85.4,2.765,0.809,False,2026-08-08: question suggestion for 'how to credit card uae' [AE/en] | 2026-08-09: question suggestion for 'how to credit card uae' [AE/en] | 2026-08-10: question suggestion for 'how to credit card uae' [AE/en],Add a concise 40–60 word direct answer; mark up with FAQPage/HowTo schema; target voice/featured snippets. Create/refresh a dedicated page targeting this query; interlink from related pages.
4,how to adcb account close,aeo,quarter,80.0,2.227,0.972,False,2026-08-08: question suggestion for 'how to adcb' [AE/en] | 2026-08-09: question suggestion for 'how to adcb' [AE/en] | 2026-08-10: question suggestion for 'how to adcb' [AE/en],Add a concise 40–60 word direct answer; mark up with FAQPage/HowTo schema; target voice/featured snippets. Create/refresh a dedicated page targeting this query; interlink from related pages.
5,should i get a credit card,aeo,quarter,67.9,1.327,0.562,True,2026-08-11: r/CreditCards: https://reddit.com/r/CreditCards/comments/1vkpe7c/should_i_get_a_credit_card/ | 2026-08-14: r/personalfinance: https://reddit.com/r/personalfinance/comments/1vns97t/should_i_get_a_credit_card/,BREAKOUT detected — act now while competition is low. Add a concise 40–60 word direct answer; mark up with FAQPage/HowTo schema; target voice/featured snippets. Create/refresh a dedicated page targeting this query; interlink from related pages.
6,how to check credit score in uae for free,aeo,quarter,67.2,1.336,0.429,False,2026-08-08: question suggestion for 'how to check credit score in uae' [AE/en] | 2026-08-09: question suggestion for 'how to check credit score in uae' [AE/en] | 2026-08-10: question suggestion for 'how to check credit score in uae' [AE/en],Add a concise 40–60 word direct answer; mark up with FAQPage/HowTo schema; target voice/featured snippets. Create/refresh a dedicated page targeting this query; interlink from related pages.
7,what is visa card in uae,aeo,quarter,66.3,1.392,0.153,False,2026-08-20: question suggestion for 'what is credit card uae' [AE/en] | 2026-08-21: question suggestion for 'what is credit card uae' [AE/en] | 2026-08-22: question suggestion for 'what is credit card uae' [AE/en],Add a concise 40–60 word direct answer; mark up with FAQPage/HowTo schema; target voice/featured snippets. Create/refresh a dedicated page targeting this query; interlink from related pages.
8,what is ai in banking,aeo,quarter,62.9,0.499,1.105,True,2026-08-08: question suggestion for 'what is ai in banking' [AE/en] | 2026-08-09: question suggestion for 'what is ai in banking' [AE/en] | 2026-08-10: question suggestion for 'what is ai in banking' [AE/en],"BREAKOUT detected — act now while competition is low. Publish a definitive, stat-backed explainer with clear entity references, citations-friendly formatting, and up-to-date facts so AI engines cite you. Add a concise 40–60 word direct answer; mark up with FAQPage/HowTo schema; target voice/featured snippets. Create/refresh a dedicated page targeting this query; interlink from related pages."
9,how to check credit score in uae,aeo,quarter,61.5,0.209,1.292,False,,Add a concise 40–60 word direct answer; mark up with FAQPage/HowTo schema; target voice/featured snippets. Create/refresh a dedicated page targeting this query; interlink from related pages.
10,which marriott business card,aeo,quarter,59.3,0.7,0.264,False,2026-08-10: r/CreditCards: https://reddit.com/r/CreditCards/comments/1vk2ctu/which_marriott_business_card/,Add a concise 40–60 word direct answer; mark up with FAQPage/HowTo schema; target voice/featured snippets. Create/refresh a dedicated page targeting this query; interlink from related pages.
11,how ai use in banking,aeo,quarter,58.3,0.376,0.363,False,2026-08-08: question suggestion for 'كيف ai in banking' [AE/ar] | 2026-08-09: question suggestion for 'كيف ai in banking' [AE/ar] | 2026-08-10: question suggestion for 'كيف ai in banking' [AE/ar],"Publish a definitive, stat-backed explainer with clear entity references, citations-friendly formatting, and up-to-date facts so AI engines cite you. Add a concise 40–60 word direct answer; mark up with FAQPage/HowTo schema; target voice/featured snippets. Create/refresh a dedicated page targeting this query; interlink from related pages."
12,how to open a bank account in uae,aeo,quarter,57.0,-0.068,0.807,False,,Add a concise 40–60 word direct answer; mark up with FAQPage/HowTo schema; target voice/featured snippets. Create/refresh a dedicated page targeting this query; interlink from related pages.
13,تحويل أموال من الإمارات,aeo,quarter,55.7,0.316,0.308,False,,Add a concise 40–60 word direct answer; mark up with FAQPage/HowTo schema; target voice/featured snippets. Create/refresh a dedicated page targeting this query; interlink from related pages.
14,how to apply personal loan in uae,aeo,quarter,55.2,0.307,0.232,True,2026-08-08: question suggestion for 'how to personal loan uae' [AE/en] | 2026-08-09: question suggestion for 'how to personal loan uae' [AE/en] | 2026-08-10: question suggestion for 'how to personal loan uae' [AE/en],BREAKOUT detected — act now while competition is low. Add a concise 40–60 word direct answer; mark up with FAQPage/HowTo schema; target voice/featured snippets. Create/refresh a dedicated page targeting this query; interlink from related pages.
15,how to open business bank account uae,aeo,quarter,53.3,0.357,-0.075,False,2026-08-08: question suggestion for 'how to business bank account uae' [AE/en] | 2026-08-09: question suggestion for 'how to business bank account uae' [AE/en] | 2026-08-10: question suggestion for 'how to business bank account uae' [AE/en],Add a concise 40–60 word direct answer; mark up with FAQPage/HowTo schema; target voice/featured snippets. Create/refresh a dedicated page targeting this query; interlink from related pages.
16,why do people suggest getting the fidelity credit card,aeo,quarter,53.0,0.498,-0.338,False,2026-08-08: r/CreditCards: https://reddit.com/r/CreditCards/comments/1vigpjz/why_do_people_suggest_getting_the_fidelity_cr,Add a concise 40–60 word direct answer; mark up with FAQPage/HowTo schema; target voice/featured snippets. Create/refresh a dedicated page targeting this query; interlink from related pages.
17,what is ai in banking sector,aeo,quarter,51.3,0.069,0.057,True,2026-08-08: question suggestion for 'what is ai in banking' [AE/en] | 2026-08-09: question suggestion for 'what is ai in banking' [AE/en] | 2026-08-10: question suggestion for 'what is ai in banking' [AE/en],"BREAKOUT detected — act now while competition is low. Publish a definitive, stat-backed explainer with clear entity references, citations-friendly formatting, and up-to-date facts so AI engines cite you. Add a concise 40–60 word direct answer; mark up with FAQPage/HowTo schema; target voice/featured snippets. Create/refresh a dedicated page targeting this query; interlink from related pages."
18,how to apply car loan in uae,aeo,quarter,50.8,-0.0,0.113,False,2026-08-08: question suggestion for 'how to car loan uae' [AE/en] | 2026-08-09: question suggestion for 'how to car loan uae' [AE/en] | 2026-08-10: question suggestion for 'how to car loan uae' [AE/en],Add a concise 40–60 word direct answer; mark up with FAQPage/HowTo schema; target voice/featured snippets. Create/refresh a dedicated page targeting this query; interlink from related pages.
19,what is the minimum salary for a credit card in uae,aeo,quarter,50.2,-0.053,-0.028,True,,BREAKOUT detected — act now while competition is low. Add a concise 40–60 word direct answer; mark up with FAQPage/HowTo schema; target voice/featured snippets. Create/refresh a dedicated page targeting this query; interlink from related pages.
20,what is a great points credit card,aeo,quarter,49.8,0.0,0.0,True,2026-08-14: r/CreditCards: https://reddit.com/r/CreditCards/comments/1vnrhl8/what_is_a_great_points_credit_card/ | 2026-08-15: r/CreditCards: https://reddit.com/r/CreditCards/comments/1vnrhl8/what_is_a_great_points_credit_card/,BREAKOUT detected — act now while competition is low. Add a concise 40–60 word direct answer; mark up with FAQPage/HowTo schema; target voice/featured snippets. Create/refresh a dedicated page targeting this query; interlink from related pages.
